Type,Value
2020,258.8111666666667
2021,261.39927833333337
INFLATION,0.01
